{
  "selection_rule": "Highest validation accuracy wins; ties are resolved with lower n_steps.",
  "best_manual_model": {
    "name": "m4_numpy_regularized",
    "family": "numpy",
    "hidden_layers": [
      64,
      32
    ],
    "standardize": true,
    "learning_rate": 0.01,
    "batch_size": 64,
    "max_epochs": 160,
    "l2_lambda": 0.0001,
    "n_steps": 15040,
    "val_loss": 0.029226102003017323,
    "val_accuracy": 0.9939959973315544,
    "val_precision_macro": 0.9941025552483008,
    "val_recall_macro": 0.994017094017094,
    "val_f1_macro": 0.9940393375613172,
    "test_loss": 0.15261616713924153,
    "test_accuracy": 0.9656946826758147,
    "test_precision_macro": 0.9662864189899254,
    "test_recall_macro": 0.9663272006148533,
    "test_f1_macro": 0.9659150681418002,
    "final_train_accuracy": 0.9969974979149291,
    "final_val_accuracy": 0.9939959973315544,
    "history_path": "C:\\Users\\hp\\OneDrive\\Documents\\MY PROJECTS\\yzm-304-assignments\\outputs\\figures\\m4_numpy_regularized_history.png",
    "confusion_matrix_path": "C:\\Users\\hp\\OneDrive\\Documents\\MY PROJECTS\\yzm-304-assignments\\outputs\\figures\\m4_numpy_regularized_confusion_matrix.png",
    "validation_details": {
      "loss": 0.029226102003017323,
      "accuracy": 0.9939959973315544,
      "precision_macro": 0.9941025552483008,
      "recall_macro": 0.994017094017094,
      "f1_macro": 0.9940393375613172,
      "precision_weighted": 0.9940336200425348,
      "recall_weighted": 0.9939959973315544,
      "f1_weighted": 0.9939935916453826,
      "confusion_matrix": [
        [
          154,
          1,
          0,
          0,
          1,
          0,
          0,
          0,
          0,
          0
        ],
        [
          0,
          153,
          1,
          1,
          1,
          0,
          0,
          0,
          0,
          0
        ],
        [
          0,
          0,
          156,
          0,
          0,
          0,
          0,
          0,
          0,
          0
        ],
        [
          0,
          0,
          0,
          143,
          0,
          0,
          0,
          1,
          0,
          0
        ],
        [
          0,
          0,
          0,
          0,
          156,
          0,
          0,
          0,
          0,
          0
        ],
        [
          0,
          0,
          0,
          0,
          0,
          143,
          0,
          0,
          1,
          0
        ],
        [
          0,
          0,
          0,
          0,
          0,
          0,
          144,
          0,
          0,
          0
        ],
        [
          0,
          0,
          0,
          0,
          0,
          0,
          0,
          155,
          0,
          0
        ],
        [
          0,
          0,
          0,
          0,
          0,
          0,
          0,
          0,
          143,
          1
        ],
        [
          0,
          0,
          0,
          0,
          1,
          0,
          0,
          0,
          0,
          143
        ]
      ],
      "classification_report": {
        "0": {
          "precision": 1.0,
          "recall": 0.9871794871794872,
          "f1-score": 0.9935483870967742,
          "support": 156.0
        },
        "1": {
          "precision": 0.9935064935064936,
          "recall": 0.9807692307692307,
          "f1-score": 0.9870967741935484,
          "support": 156.0
        },
        "2": {
          "precision": 0.9936305732484076,
          "recall": 1.0,
          "f1-score": 0.9968051118210862,
          "support": 156.0
        },
        "3": {
          "precision": 0.9930555555555556,
          "recall": 0.9930555555555556,
          "f1-score": 0.9930555555555556,
          "support": 144.0
        },
        "4": {
          "precision": 0.9811320754716981,
          "recall": 1.0,
          "f1-score": 0.9904761904761905,
          "support": 156.0
        },
        "5": {
          "precision": 1.0,
          "recall": 0.9930555555555556,
          "f1-score": 0.9965156794425087,
          "support": 144.0
        },
        "6": {
          "precision": 1.0,
          "recall": 1.0,
          "f1-score": 1.0,
          "support": 144.0
        },
        "7": {
          "precision": 0.9935897435897436,
          "recall": 1.0,
          "f1-score": 0.9967845659163987,
          "support": 155.0
        },
        "8": {
          "precision": 0.9930555555555556,
          "recall": 0.9930555555555556,
          "f1-score": 0.9930555555555556,
          "support": 144.0
        },
        "9": {
          "precision": 0.9930555555555556,
          "recall": 0.9930555555555556,
          "f1-score": 0.9930555555555556,
          "support": 144.0
        },
        "accuracy": 0.9939959973315544,
        "macro avg": {
          "precision": 0.9941025552483008,
          "recall": 0.994017094017094,
          "f1-score": 0.9940393375613172,
          "support": 1499.0
        },
        "weighted avg": {
          "precision": 0.9940336200425348,
          "recall": 0.9939959973315544,
          "f1-score": 0.9939935916453826,
          "support": 1499.0
        }
      }
    },
    "test_details": {
      "loss": 0.15261616713924153,
      "accuracy": 0.9656946826758147,
      "precision_macro": 0.9662864189899254,
      "recall_macro": 0.9663272006148533,
      "f1_macro": 0.9659150681418002,
      "precision_weighted": 0.9663175658399565,
      "recall_weighted": 0.9656946826758147,
      "f1_weighted": 0.9656072273229095,
      "confusion_matrix": [
        [
          345,
          0,
          0,
          0,
          0,
          0,
          0,
          0,
          18,
          0
        ],
        [
          0,
          348,
          12,
          2,
          1,
          0,
          0,
          1,
          0,
          0
        ],
        [
          0,
          1,
          362,
          0,
          0,
          0,
          0,
          1,
          0,
          0
        ],
        [
          0,
          1,
          0,
          333,
          0,
          0,
          0,
          0,
          0,
          2
        ],
        [
          0,
          1,
          0,
          0,
          347,
          9,
          7,
          0,
          0,
          0
        ],
        [
          0,
          0,
          0,
          5,
          0,
          329,
          0,
          0,
          0,
          1
        ],
        [
          0,
          0,
          0,
          0,
          0,
          0,
          331,
          0,
          5,
          0
        ],
        [
          0,
          14,
          2,
          0,
          19,
          0,
          0,
          327,
          1,
          1
        ],
        [
          1,
          0,
          0,
          0,
          0,
          4,
          1,
          0,
          330,
          0
        ],
        [
          0,
          3,
          0,
          0,
          0,
          3,
          0,
          3,
          1,
          326
        ]
      ],
      "classification_report": {
        "0": {
          "precision": 0.9971098265895953,
          "recall": 0.9504132231404959,
          "f1-score": 0.9732016925246827,
          "support": 363.0
        },
        "1": {
          "precision": 0.9456521739130435,
          "recall": 0.9560439560439561,
          "f1-score": 0.9508196721311475,
          "support": 364.0
        },
        "2": {
          "precision": 0.9627659574468085,
          "recall": 0.9945054945054945,
          "f1-score": 0.9783783783783784,
          "support": 364.0
        },
        "3": {
          "precision": 0.9794117647058823,
          "recall": 0.9910714285714286,
          "f1-score": 0.985207100591716,
          "support": 336.0
        },
        "4": {
          "precision": 0.9455040871934605,
          "recall": 0.9532967032967034,